<?xml version="1.0" encoding="UTF-8"?>
<configuration>
    <appender name="Console" class="ch.qos.logback.core.ConsoleAppender">
        <encoder>
            <pattern>%d [%thread] %-5level %-50logger{40} - %msg%n</pattern>
        </encoder>
    </appender>

    <appender name="RollingFile" class="ch.qos.logback.core.rolling.RollingFileAppender">
	    <file>logs/java-server.log</file>
        <encoder>
            <pattern>%d [%thread] %-5level %-50logger{40} - %msg%n</pattern>
        </encoder>

        <rollingPolicy class="ch.qos.logback.core.rolling.SizeAndTimeBasedRollingPolicy">
            <fileNamePattern>logs/java-server-%d{yyyy-MM-dd}.%i.log</fileNamePattern>
            <maxFileSize>1MB</maxFileSize>
            <maxHistory>30</maxHistory>
            <totalSizeCap>10MB</totalSizeCap>
            <cleanHistoryOnStart>true</cleanHistoryOnStart>
        </rollingPolicy>
    </appender>

    <root level="INFO">
        <appender-ref ref="Console" />
        <appender-ref ref="RollingFile" />
    </root>
</configuration>
